USE [master]
GO
/****** Object:  Database [BowlingBlog]    Script Date: 12/7/2016 1:45:04 PM ******/
CREATE DATABASE [BowlingBlog]
 CONTAINMENT = NONE
 ON  PRIMARY 
( NAME = N'BowlingBlog', FILENAME = N'C:\Program Files\Microsoft SQL Server\MSSQL12.SQL2014\MSSQL\DATA\BowlingBlog.mdf' , SIZE = 4096KB , MAXSIZE = UNLIMITED, FILEGROWTH = 1024KB )
 LOG ON 
( NAME = N'BowlingBlog_log', FILENAME = N'C:\Program Files\Microsoft SQL Server\MSSQL12.SQL2014\MSSQL\DATA\BowlingBlog_log.ldf' , SIZE = 1024KB , MAXSIZE = 2048GB , FILEGROWTH = 10%)
GO
ALTER DATABASE [BowlingBlog] SET COMPATIBILITY_LEVEL = 120
GO
IF (1 = FULLTEXTSERVICEPROPERTY('IsFullTextInstalled'))
begin
EXEC [BowlingBlog].[dbo].[sp_fulltext_database] @action = 'enable'
end
GO
ALTER DATABASE [BowlingBlog] SET ANSI_NULL_DEFAULT OFF 
GO
ALTER DATABASE [BowlingBlog] SET ANSI_NULLS OFF 
GO
ALTER DATABASE [BowlingBlog] SET ANSI_PADDING OFF 
GO
ALTER DATABASE [BowlingBlog] SET ANSI_WARNINGS OFF 
GO
ALTER DATABASE [BowlingBlog] SET ARITHABORT OFF 
GO
ALTER DATABASE [BowlingBlog] SET AUTO_CLOSE OFF 
GO
ALTER DATABASE [BowlingBlog] SET AUTO_SHRINK OFF 
GO
ALTER DATABASE [BowlingBlog] SET AUTO_UPDATE_STATISTICS ON 
GO
ALTER DATABASE [BowlingBlog] SET CURSOR_CLOSE_ON_COMMIT OFF 
GO
ALTER DATABASE [BowlingBlog] SET CURSOR_DEFAULT  GLOBAL 
GO
ALTER DATABASE [BowlingBlog] SET CONCAT_NULL_YIELDS_NULL OFF 
GO
ALTER DATABASE [BowlingBlog] SET NUMERIC_ROUNDABORT OFF 
GO
ALTER DATABASE [BowlingBlog] SET QUOTED_IDENTIFIER OFF 
GO
ALTER DATABASE [BowlingBlog] SET RECURSIVE_TRIGGERS OFF 
GO
ALTER DATABASE [BowlingBlog] SET  DISABLE_BROKER 
GO
ALTER DATABASE [BowlingBlog] SET AUTO_UPDATE_STATISTICS_ASYNC OFF 
GO
ALTER DATABASE [BowlingBlog] SET DATE_CORRELATION_OPTIMIZATION OFF 
GO
ALTER DATABASE [BowlingBlog] SET TRUSTWORTHY OFF 
GO
ALTER DATABASE [BowlingBlog] SET ALLOW_SNAPSHOT_ISOLATION OFF 
GO
ALTER DATABASE [BowlingBlog] SET PARAMETERIZATION SIMPLE 
GO
ALTER DATABASE [BowlingBlog] SET READ_COMMITTED_SNAPSHOT OFF 
GO
ALTER DATABASE [BowlingBlog] SET HONOR_BROKER_PRIORITY OFF 
GO
ALTER DATABASE [BowlingBlog] SET RECOVERY SIMPLE 
GO
ALTER DATABASE [BowlingBlog] SET  MULTI_USER 
GO
ALTER DATABASE [BowlingBlog] SET PAGE_VERIFY CHECKSUM  
GO
ALTER DATABASE [BowlingBlog] SET DB_CHAINING OFF 
GO
ALTER DATABASE [BowlingBlog] SET FILESTREAM( NON_TRANSACTED_ACCESS = OFF ) 
GO
ALTER DATABASE [BowlingBlog] SET TARGET_RECOVERY_TIME = 0 SECONDS 
GO
ALTER DATABASE [BowlingBlog] SET DELAYED_DURABILITY = DISABLED 
GO
USE [BowlingBlog]
GO
/****** Object:  Table [dbo].[__MigrationHistory]    Script Date: 12/7/2016 1:45:04 PM ******/
SET ANSI_NULLS ON
GO
SET QUOTED_IDENTIFIER ON
GO
SET ANSI_PADDING ON
GO
CREATE TABLE [dbo].[__MigrationHistory](
	[MigrationId] [nvarchar](150) NOT NULL,
	[ContextKey] [nvarchar](300) NOT NULL,
	[Model] [varbinary](max) NOT NULL,
	[ProductVersion] [nvarchar](32) NOT NULL,
 CONSTRAINT [PK_dbo.__MigrationHistory] PRIMARY KEY CLUSTERED 
(
	[MigrationId] ASC,
	[ContextKey] ASC
)WITH (PAD_INDEX = OFF, STATISTICS_NORECOMPUTE = OFF, IGNORE_DUP_KEY = OFF, ALLOW_ROW_LOCKS = ON, ALLOW_PAGE_LOCKS = ON) ON [PRIMARY]
) ON [PRIMARY] TEXTIMAGE_ON [PRIMARY]

GO
SET ANSI_PADDING OFF
GO
/****** Object:  Table [dbo].[AspNetRoles]    Script Date: 12/7/2016 1:45:04 PM ******/
SET ANSI_NULLS ON
GO
SET QUOTED_IDENTIFIER ON
GO
CREATE TABLE [dbo].[AspNetRoles](
	[Id] [nvarchar](128) NOT NULL,
	[Name] [nvarchar](256) NOT NULL,
 CONSTRAINT [PK_dbo.AspNetRoles] PRIMARY KEY CLUSTERED 
(
	[Id] ASC
)WITH (PAD_INDEX = OFF, STATISTICS_NORECOMPUTE = OFF, IGNORE_DUP_KEY = OFF, ALLOW_ROW_LOCKS = ON, ALLOW_PAGE_LOCKS = ON) ON [PRIMARY]
) ON [PRIMARY]

GO
/****** Object:  Table [dbo].[AspNetUserClaims]    Script Date: 12/7/2016 1:45:04 PM ******/
SET ANSI_NULLS ON
GO
SET QUOTED_IDENTIFIER ON
GO
CREATE TABLE [dbo].[AspNetUserClaims](
	[Id] [int] IDENTITY(1,1) NOT NULL,
	[UserId] [nvarchar](128) NOT NULL,
	[ClaimType] [nvarchar](max) NULL,
	[ClaimValue] [nvarchar](max) NULL,
 CONSTRAINT [PK_dbo.AspNetUserClaims] PRIMARY KEY CLUSTERED 
(
	[Id] ASC
)WITH (PAD_INDEX = OFF, STATISTICS_NORECOMPUTE = OFF, IGNORE_DUP_KEY = OFF, ALLOW_ROW_LOCKS = ON, ALLOW_PAGE_LOCKS = ON) ON [PRIMARY]
) ON [PRIMARY] TEXTIMAGE_ON [PRIMARY]

GO
/****** Object:  Table [dbo].[AspNetUserLogins]    Script Date: 12/7/2016 1:45:04 PM ******/
SET ANSI_NULLS ON
GO
SET QUOTED_IDENTIFIER ON
GO
CREATE TABLE [dbo].[AspNetUserLogins](
	[LoginProvider] [nvarchar](128) NOT NULL,
	[ProviderKey] [nvarchar](128) NOT NULL,
	[UserId] [nvarchar](128) NOT NULL,
 CONSTRAINT [PK_dbo.AspNetUserLogins] PRIMARY KEY CLUSTERED 
(
	[LoginProvider] ASC,
	[ProviderKey] ASC,
	[UserId] ASC
)WITH (PAD_INDEX = OFF, STATISTICS_NORECOMPUTE = OFF, IGNORE_DUP_KEY = OFF, ALLOW_ROW_LOCKS = ON, ALLOW_PAGE_LOCKS = ON) ON [PRIMARY]
) ON [PRIMARY]

GO
/****** Object:  Table [dbo].[AspNetUserRoles]    Script Date: 12/7/2016 1:45:04 PM ******/
SET ANSI_NULLS ON
GO
SET QUOTED_IDENTIFIER ON
GO
CREATE TABLE [dbo].[AspNetUserRoles](
	[UserId] [nvarchar](128) NOT NULL,
	[RoleId] [nvarchar](128) NOT NULL,
 CONSTRAINT [PK_dbo.AspNetUserRoles] PRIMARY KEY CLUSTERED 
(
	[UserId] ASC,
	[RoleId] ASC
)WITH (PAD_INDEX = OFF, STATISTICS_NORECOMPUTE = OFF, IGNORE_DUP_KEY = OFF, ALLOW_ROW_LOCKS = ON, ALLOW_PAGE_LOCKS = ON) ON [PRIMARY]
) ON [PRIMARY]

GO
/****** Object:  Table [dbo].[AspNetUsers]    Script Date: 12/7/2016 1:45:04 PM ******/
SET ANSI_NULLS ON
GO
SET QUOTED_IDENTIFIER ON
GO
CREATE TABLE [dbo].[AspNetUsers](
	[Id] [nvarchar](128) NOT NULL,
	[Email] [nvarchar](256) NULL,
	[EmailConfirmed] [bit] NOT NULL,
	[PasswordHash] [nvarchar](max) NULL,
	[SecurityStamp] [nvarchar](max) NULL,
	[PhoneNumber] [nvarchar](max) NULL,
	[PhoneNumberConfirmed] [bit] NOT NULL,
	[TwoFactorEnabled] [bit] NOT NULL,
	[LockoutEndDateUtc] [datetime] NULL,
	[LockoutEnabled] [bit] NOT NULL,
	[AccessFailedCount] [int] NOT NULL,
	[UserName] [nvarchar](256) NOT NULL,
 CONSTRAINT [PK_dbo.AspNetUsers] PRIMARY KEY CLUSTERED 
(
	[Id] ASC
)WITH (PAD_INDEX = OFF, STATISTICS_NORECOMPUTE = OFF, IGNORE_DUP_KEY = OFF, ALLOW_ROW_LOCKS = ON, ALLOW_PAGE_LOCKS = ON) ON [PRIMARY]
) ON [PRIMARY] TEXTIMAGE_ON [PRIMARY]

GO
/****** Object:  Table [dbo].[BlogPosts]    Script Date: 12/7/2016 1:45:04 PM ******/
SET ANSI_NULLS ON
GO
SET QUOTED_IDENTIFIER ON
GO
SET ANSI_PADDING ON
GO
CREATE TABLE [dbo].[BlogPosts](
	[BlogId] [int] IDENTITY(1,1) NOT NULL,
	[BlogDate] [datetime] NOT NULL,
	[Approval] [int] NULL,
	[BlogTitle] [varchar](50) NOT NULL,
	[Category] [int] NOT NULL,
	[BlogPost] [varchar](max) NOT NULL,
	[TagPlaceholder] [nvarchar](250) NOT NULL,
PRIMARY KEY CLUSTERED 
(
	[BlogId] ASC
)WITH (PAD_INDEX = OFF, STATISTICS_NORECOMPUTE = OFF, IGNORE_DUP_KEY = OFF, ALLOW_ROW_LOCKS = ON, ALLOW_PAGE_LOCKS = ON) ON [PRIMARY]
) ON [PRIMARY] TEXTIMAGE_ON [PRIMARY]

GO
SET ANSI_PADDING OFF
GO
/****** Object:  Table [dbo].[BlogsTags]    Script Date: 12/7/2016 1:45:04 PM ******/
SET ANSI_NULLS ON
GO
SET QUOTED_IDENTIFIER ON
GO
CREATE TABLE [dbo].[BlogsTags](
	[BlogId] [int] NOT NULL,
	[TagId] [int] NOT NULL,
 CONSTRAINT [PK_BlogsTags] PRIMARY KEY CLUSTERED 
(
	[BlogId] ASC,
	[TagId] ASC
)WITH (PAD_INDEX = OFF, STATISTICS_NORECOMPUTE = OFF, IGNORE_DUP_KEY = OFF, ALLOW_ROW_LOCKS = ON, ALLOW_PAGE_LOCKS = ON) ON [PRIMARY]
) ON [PRIMARY]

GO
/****** Object:  Table [dbo].[Contact]    Script Date: 12/7/2016 1:45:04 PM ******/
SET ANSI_NULLS ON
GO
SET QUOTED_IDENTIFIER ON
GO
CREATE TABLE [dbo].[Contact](
	[Id] [int] IDENTITY(1,1) NOT NULL,
	[Name] [nvarchar](100) NOT NULL,
	[Phone] [nvarchar](25) NOT NULL,
	[Email] [nvarchar](100) NOT NULL,
	[SubmissionDate] [datetime] NOT NULL,
	[Subject] [nvarchar](max) NOT NULL,
	[Message] [nvarchar](max) NOT NULL,
PRIMARY KEY CLUSTERED 
(
	[Id] ASC
)WITH (PAD_INDEX = OFF, STATISTICS_NORECOMPUTE = OFF, IGNORE_DUP_KEY = OFF, ALLOW_ROW_LOCKS = ON, ALLOW_PAGE_LOCKS = ON) ON [PRIMARY]
) ON [PRIMARY] TEXTIMAGE_ON [PRIMARY]

GO
/****** Object:  Table [dbo].[Event]    Script Date: 12/7/2016 1:45:04 PM ******/
SET ANSI_NULLS ON
GO
SET QUOTED_IDENTIFIER ON
GO
SET ANSI_PADDING ON
GO
CREATE TABLE [dbo].[Event](
	[EventId] [int] IDENTITY(1,1) NOT NULL,
	[EventType] [int] NOT NULL,
	[EventName] [varchar](100) NOT NULL,
	[EventStartTime] [datetime] NOT NULL,
	[EventEndTime] [datetime] NOT NULL,
	[EventDescription] [varchar](max) NOT NULL,
PRIMARY KEY CLUSTERED 
(
	[EventId] ASC
)WITH (PAD_INDEX = OFF, STATISTICS_NORECOMPUTE = OFF, IGNORE_DUP_KEY = OFF, ALLOW_ROW_LOCKS = ON, ALLOW_PAGE_LOCKS = ON) ON [PRIMARY]
) ON [PRIMARY] TEXTIMAGE_ON [PRIMARY]

GO
SET ANSI_PADDING OFF
GO
/****** Object:  Table [dbo].[Products]    Script Date: 12/7/2016 1:45:04 PM ******/
SET ANSI_NULLS ON
GO
SET QUOTED_IDENTIFIER ON
GO
SET ANSI_PADDING ON
GO
CREATE TABLE [dbo].[Products](
	[ProductId] [int] IDENTITY(1,1) NOT NULL,
	[AddDate] [datetime] NOT NULL,
	[ProductName] [varchar](100) NOT NULL,
	[Description] [nvarchar](max) NOT NULL,
	[ProductLink] [nvarchar](max) NOT NULL,
	[ProductPrice] [money] NOT NULL,
	[Image] [nvarchar](max) NULL,
PRIMARY KEY CLUSTERED 
(
	[ProductId] ASC
)WITH (PAD_INDEX = OFF, STATISTICS_NORECOMPUTE = OFF, IGNORE_DUP_KEY = OFF, ALLOW_ROW_LOCKS = ON, ALLOW_PAGE_LOCKS = ON) ON [PRIMARY]
) ON [PRIMARY] TEXTIMAGE_ON [PRIMARY]

GO
SET ANSI_PADDING OFF
GO
/****** Object:  Table [dbo].[Tags]    Script Date: 12/7/2016 1:45:04 PM ******/
SET ANSI_NULLS ON
GO
SET QUOTED_IDENTIFIER ON
GO
SET ANSI_PADDING ON
GO
CREATE TABLE [dbo].[Tags](
	[TagId] [int] IDENTITY(1,1) NOT NULL,
	[TagName] [varchar](50) NOT NULL,
PRIMARY KEY CLUSTERED 
(
	[TagId] ASC
)WITH (PAD_INDEX = OFF, STATISTICS_NORECOMPUTE = OFF, IGNORE_DUP_KEY = OFF, ALLOW_ROW_LOCKS = ON, ALLOW_PAGE_LOCKS = ON) ON [PRIMARY]
) ON [PRIMARY]

GO
SET ANSI_PADDING OFF
GO
INSERT [dbo].[__MigrationHistory] ([MigrationId], [ContextKey], [Model], [ProductVersion]) VALUES (N'201612030442008_InitialCreate', N'BowlingBlog.Models.ApplicationDbContext', 0x1F8B0800000000000400DD5C5B6FE3B6127E2F70FE83A0A7738AAC95CBD9C536B05B649DA427E8E68275B6386F0B5AA21D61255295A86C82A2BFAC0FE7279DBFD0A144C9122FBAD88AED140B2C2272F8CD70382487C3A1FFFFE7FFC63F3D8581F588E3C4A764621F8D0E6D0B13977A3E594EEC942DDEBCB77FFAF11FDF8D2FBCF0C9FAB5A03BE174D0922413FB81B1E8D47112F70187281985BE1BD3842ED8C8A5A1833CEA1C1F1EFEE01C1D3918206CC0B2ACF1A794303FC4D9077C4E297171C452145C530F078928879A59866ADDA010271172F1C4FE40BF0520DC87802E4739B56D9D053E0249663858D816228432C440CED3CF099EB19892E52C820214DC3F4718E8162848B090FF7445DEB52B87C7BC2BCEAA6101E5A609A3614FC0A313A11B476EBE9686ED5277A0BD0BD0327BE6BDCE3438B1AF3C9C157DA201284066783A0D624E3CB1AF4B1667497483D9A86838CA212F6380FB46E3AFA32AE281D5B9DD41694BC7A343FEEFC09AA6014B633C213865310A0EACBB741EF8EE2FF8F99E7EC5647272345F9CBC7FFB0E7927EFFE8D4FDE567B0A7D05BA5A0114DDC534C231C8861765FF6DCBA9B773E48665B34A9B5C2B604B6079B6758D9E3E62B2640F30618EDFDBD6A5FF84BDA24418D767E2C32C82462C4EE1F3260D02340F7059EF34F2E4FF37703D7EFB6E10AE37E8D15F66432FF1878913C3BCFA8483AC3679F0A37C7AD5C6FB8B20BB8C69C8BFEBF695D77E99D134767967A891E41EC54BCCEAD28D9D95F17632690E35BC5917A8FB6FDA5C52D5BCB5A4BC43EBCC8482C5B6674321EFCBF2ED6C7167510483979916D74893C1A99BD5486A7D60556856A673D4D5740874E9EFBC125E84C80F06580A3B70012F64E1C7212E7BF98182E121D25BE63B9424B01278FF41C94383E8F0E700A2CFB09BC660A03386C2E8C5B9DD3D50826FD270CEED7E7BBC061B9AFB6FF412B98CC61784B7DA18EF2375BFD2945D10EF1C31FC99B90520FFBCF7C3EE00838873E6BA38492EC198B137A5E064178057849D1CF786E30BD4AE5D916980FC50EF8B484BE9978274E58FE829149FC440A6F34B9A44FD48973EE9266A416A1635A768155590F5159583759354509A05CD085AE5CCA906F3F4B2111ADED5CB60F7DFD7DB6CF336AD051535CE6085C43F63826358C6BC3BC4188EC96A04BAAC1BBB7016B2E1E34C5F7C6FCA38FD8A827468566BCD866C11187E3664B0FB3F1B3231A1F8D1F7B857D2E1005410037C277AFDD9AA7DCE49926D7B3AD4BAB96DE6DB59034CD3E52C49A8EB67B34013FA12818BBAFCE0C359ED518CBC377224043A0686EEF32D0F4AA06FB66C54B7E41C079861EBCCCD43835394B8C853D5081DF27A0856ECA81AC1561191BA70DF2B3CC1D271CC1B217E084A60A6FA84A9D3C227AE1FA1A0554B52CB8E5B18EF7BC943AE39C711269C61AB26BA30D70740B800251F6950DA3434762A16D76C8806AFD534E66D2EEC6ADC95B8C4566CB2C57736D8A5F0DF5EC4309B35B605E36C564917018CC1BC5D18A838AB743500F9E0B26F062A9D980C062A5CAAAD18685D633B30D0BA4A5E9D81E647D4AEE32F9D57F7CD3CEB07E5ED6FEB8DEADA816DD6F4B167A699FB9ED086410B1CABE6793EE795F889690E6720A7389F25C2D5954D8483CF30AB876C56FEAED60F759A4164236A025C195A0BA8B80654809409D543B82296D7289DF0227AC01671B74658B1F64BB0151B50B1ABD7A11542F3A5A96C9C9D4E1F65CF4A6B508CBCD361A182A3310879F1AA77BC83524C715955315D7CE13EDE70A56362301A14D4E2B91A94547466702D15A6D9AE259D43D6C725DB484B92FB64D052D199C1B5246CB45D491AA7A0875BB0918AEA5BF84093AD887494BB4D593776F22C295130760CE954E36B14453E5956D2AB448935CB73ABA66F66FD938EC21CC371134DEE51296DC989D1182DB1540BAC41D24B3F4ED83962688E789C67EA850A99766F352CFF05CBEAF6A90E62B10F14D4FCEFBC85E6F2BEB6D7AACE88C0B8841E86DCA3C9C2E89AF1D737B778BA1B0A50AC89DC4F699086C4EC60995BE7F777D5F679898A307624F915074AD196E2E6D655DF6960D44931D02095FECBFA03658630A9BBF03EAB0A3779A46694224055453105AD7636702647A6D760C93E62FFB16A45789979251253AA00A2A8274625B74101ABD47547ADA79F5431EB35DD11A51C932AA454D543CA6A26494DC86AC55A78068DEA29BA73507347AAE86A6D77644D1649155A53BD06B64666B9AE3BAA26D1A40AACA9EE8EBDCA3A9117D13DDEB98C2797B5B7AEFC70BBD9DE65C07899157198ADAF72875F05AA14F7C412B7F40A9828DF4B6B329EF0D6B6A63CA6B199351930CC2B4FEDF6BBBEF0345ED99B316B57DAB5C5BDE94ADF8CD7CF665FD43294039E4C52722F0F7AD2816E2C0E57ED8F6894D3564E625B851A61637F4E180E479C6034FB2D98063EE6CB7841708D88BFC009CBD338ECE3C3A363E91DCEFEBC897192C40B348753D3C398FA986D21238B3CA2D87D40B19A1FB1C1BB9115A8127ABE221E7E9AD8BF67AD4EB32806FF2B2B3EB0AE92CFC4FF2D858AFB38C5D61F6ABEE73079F4CD87AC3D7DF5D05DAB57FFFD92373DB06E639831A7D6A1A4CB7546B8FE16A2973479D30DA459FB85C4EB9D50B5E7075A546942ACFFDA60EEB3415E1A1452FE33444FFFEA2B9AF635C146889A170343E10DA242D38B8075B08CAF013CF864D96B807E9DD5BF0E584734E3CB009FF40793DF05745F868A963BDC6A3467A26D2C49999E5BF3AA374AB2DCF5DEA4A45F6F34D1D514EB1E701BA451AF6119AF2C0379B0DD5193603C18F62E4DFBC5B38AF725917895E2B1DBFCE16DA60C375C0BFDAD3285F720B74D93ABB3FB7CE06DDB9A298EBBE74995FDB27EF7CCD84406D7EE737BB76D6CA630EF9E1B5BAF0CDE3DB3B55DED9F3BB6B4CE5BE8CEF371D5D422C37D8C2E16DC966F9B07CEE1843FA76004B947993F93D427783525A7B6305C9198999A33CB64C6CAC451F82A14CD6CFBF5556CF88D9D1534CD6C0DF9984DBCC5FADFC85BD034F3366439EE2253589B67A8CBDE6E59C79A92A05E536670AD272D89E86D3E6BE3E5FA6B4A041E4429B5D963B8237E3D79BF83A864C8A9D323CF57BDEE85BDB3F2CB8AB07F27FE7205C17F679160B7B66B96345764418BCD5B92A820912234D798210FB6D4B398F90BE432A8E631E6EC9D7716B7E3371D73EC5D91DB944529832EE3701ED4025EDC0968E29F2533D7651EDF46D94F960CD10510D3E7B1F95BF221F503AF94FB521313324070EF424474F958321ED95D3E97483794740412EA2B9DA27B1C46018025B764861EF13AB281F97DC44BE43EAF22802690F681A8AB7D7CEEA3658CC24460ACDAC327D8B0173EFDF817E7D7345F60540000, N'6.1.3-40302')
INSERT [dbo].[AspNetRoles] ([Id], [Name]) VALUES (N'1', N'Admin')
INSERT [dbo].[AspNetRoles] ([Id], [Name]) VALUES (N'2', N'Emp')
INSERT [dbo].[AspNetUserRoles] ([UserId], [RoleId]) VALUES (N'414025c2-f3bf-4596-ace5-453d4728a067', N'1')
INSERT [dbo].[AspNetUserRoles] ([UserId], [RoleId]) VALUES (N'b668943b-756a-4d34-b927-22f1026a5f79', N'2')
INSERT [dbo].[AspNetUsers] ([Id], [Email], [EmailConfirmed], [PasswordHash], [SecurityStamp], [PhoneNumber], [PhoneNumberConfirmed], [TwoFactorEnabled], [LockoutEndDateUtc], [LockoutEnabled], [AccessFailedCount], [UserName]) VALUES (N'414025c2-f3bf-4596-ace5-453d4728a067', N'admin@admin.com', 0, N'AJdjV6WJmcY3XJ8CwPOdtlibO4mqu3gr3vCqmXgCcY8Rk6xBRTukHW+aHf4pwyZJKA==', N'abef4d21-4e6d-45eb-95a0-f7283d86b3bb', NULL, 0, 0, NULL, 1, 0, N'admin@admin.com')
INSERT [dbo].[AspNetUsers] ([Id], [Email], [EmailConfirmed], [PasswordHash], [SecurityStamp], [PhoneNumber], [PhoneNumberConfirmed], [TwoFactorEnabled], [LockoutEndDateUtc], [LockoutEnabled], [AccessFailedCount], [UserName]) VALUES (N'b668943b-756a-4d34-b927-22f1026a5f79', N'employee@employee.com', 0, N'ABGI/S1f17bg9sH27We+Quxwwf8hYtj3hHDf5MMUWKqNcXGjYSkIACpi+nsEPDXRVw==', N'02a198d6-71d7-4cef-9078-7a436804fcb6', NULL, 0, 0, NULL, 1, 0, N'employee@employee.com')
SET IDENTITY_INSERT [dbo].[BlogPosts] ON 

INSERT [dbo].[BlogPosts] ([BlogId], [BlogDate], [Approval], [BlogTitle], [Category], [BlogPost], [TagPlaceholder]) VALUES (4, CAST(N'2016-12-07 10:03:17.700' AS DateTime), 0, N'COMMUNITY', 2, N'<p>COMMUNITY</p>', N'COMMUNITY')
INSERT [dbo].[BlogPosts] ([BlogId], [BlogDate], [Approval], [BlogTitle], [Category], [BlogPost], [TagPlaceholder]) VALUES (6, CAST(N'2016-12-07 13:36:03.517' AS DateTime), 0, N'Community', 4, N'<p>This is a community Post</p>', N'Post')
INSERT [dbo].[BlogPosts] ([BlogId], [BlogDate], [Approval], [BlogTitle], [Category], [BlogPost], [TagPlaceholder]) VALUES (7, CAST(N'2016-12-07 13:38:13.693' AS DateTime), 0, N'random post post post', 8, N'<p>pasdfo &nbsp;fikads &nbsp;sadfn f j sda asjj fj;lads l;jf asf &nbsp; jksd af;jkj asdkjkj &nbsp;j jsdakf khhabsdbhjbdsfa &nbsp;sadd asf asd&nbsp;</p>', N'random,good,job,woop')
SET IDENTITY_INSERT [dbo].[BlogPosts] OFF
INSERT [dbo].[BlogsTags] ([BlogId], [TagId]) VALUES (4, 4)
INSERT [dbo].[BlogsTags] ([BlogId], [TagId]) VALUES (6, 6)
INSERT [dbo].[BlogsTags] ([BlogId], [TagId]) VALUES (7, 5)
INSERT [dbo].[BlogsTags] ([BlogId], [TagId]) VALUES (7, 7)
INSERT [dbo].[BlogsTags] ([BlogId], [TagId]) VALUES (7, 8)
INSERT [dbo].[BlogsTags] ([BlogId], [TagId]) VALUES (7, 9)
SET IDENTITY_INSERT [dbo].[Contact] ON 

INSERT [dbo].[Contact] ([Id], [Name], [Phone], [Email], [SubmissionDate], [Subject], [Message]) VALUES (1, N'Dick Prickles', N'440-213-5510', N'dick@email.com', CAST(N'2016-12-04 00:00:00.000' AS DateTime), N'I need information on having a bowling party', N'I want to have my 100th birthday party at WhileTrue Lanes')
SET IDENTITY_INSERT [dbo].[Contact] OFF
SET IDENTITY_INSERT [dbo].[Event] ON 

INSERT [dbo].[Event] ([EventId], [EventType], [EventName], [EventStartTime], [EventEndTime], [EventDescription]) VALUES (5, 1, N'Roy Munson Book Signing', CAST(N'2017-01-20 16:00:00.000' AS DateTime), CAST(N'2017-01-20 18:00:00.000' AS DateTime), N'Roy Munson will be signing his new book: 1001 ways to use your prosthetic hand. Expect long wait times.')
SET IDENTITY_INSERT [dbo].[Event] OFF
SET IDENTITY_INSERT [dbo].[Products] ON 

INSERT [dbo].[Products] ([ProductId], [AddDate], [ProductName], [Description], [ProductLink], [ProductPrice], [Image]) VALUES (3, CAST(N'2016-12-06 10:25:46.000' AS DateTime), N'Brunswick Soul Mate', N'I''m your soul mate, buy me now!', N'http://www.bowlingball.com/products/bowling-balls/brunswick/11949/soul-mate.html', 90.0000, N'http://i.imgur.com/z0BuZE0.jpg                                                                                                                                                                                                                            ')
SET IDENTITY_INSERT [dbo].[Products] OFF
SET IDENTITY_INSERT [dbo].[Tags] ON 

INSERT [dbo].[Tags] ([TagId], [TagName]) VALUES (1, N'tag1')
INSERT [dbo].[Tags] ([TagId], [TagName]) VALUES (2, N'technique')
INSERT [dbo].[Tags] ([TagId], [TagName]) VALUES (3, N'personal')
INSERT [dbo].[Tags] ([TagId], [TagName]) VALUES (4, N'community')
INSERT [dbo].[Tags] ([TagId], [TagName]) VALUES (5, N'random')
INSERT [dbo].[Tags] ([TagId], [TagName]) VALUES (6, N'post')
INSERT [dbo].[Tags] ([TagId], [TagName]) VALUES (7, N'good')
INSERT [dbo].[Tags] ([TagId], [TagName]) VALUES (8, N'job')
INSERT [dbo].[Tags] ([TagId], [TagName]) VALUES (9, N'woop')
SET IDENTITY_INSERT [dbo].[Tags] OFF
SET ANSI_PADDING ON

GO
/****** Object:  Index [RoleNameIndex]    Script Date: 12/7/2016 1:45:04 PM ******/
CREATE UNIQUE NONCLUSTERED INDEX [RoleNameIndex] ON [dbo].[AspNetRoles]
(
	[Name] ASC
)WITH (PAD_INDEX = OFF, STATISTICS_NORECOMPUTE = OFF, SORT_IN_TEMPDB = OFF, IGNORE_DUP_KEY = OFF, DROP_EXISTING = OFF, ONLINE = OFF, ALLOW_ROW_LOCKS = ON, ALLOW_PAGE_LOCKS = ON) ON [PRIMARY]
GO
SET ANSI_PADDING ON

GO
/****** Object:  Index [IX_UserId]    Script Date: 12/7/2016 1:45:04 PM ******/
CREATE NONCLUSTERED INDEX [IX_UserId] ON [dbo].[AspNetUserClaims]
(
	[UserId] ASC
)WITH (PAD_INDEX = OFF, STATISTICS_NORECOMPUTE = OFF, SORT_IN_TEMPDB = OFF, DROP_EXISTING = OFF, ONLINE = OFF, ALLOW_ROW_LOCKS = ON, ALLOW_PAGE_LOCKS = ON) ON [PRIMARY]
GO
SET ANSI_PADDING ON

GO
/****** Object:  Index [IX_UserId]    Script Date: 12/7/2016 1:45:04 PM ******/
CREATE NONCLUSTERED INDEX [IX_UserId] ON [dbo].[AspNetUserLogins]
(
	[UserId] ASC
)WITH (PAD_INDEX = OFF, STATISTICS_NORECOMPUTE = OFF, SORT_IN_TEMPDB = OFF, DROP_EXISTING = OFF, ONLINE = OFF, ALLOW_ROW_LOCKS = ON, ALLOW_PAGE_LOCKS = ON) ON [PRIMARY]
GO
SET ANSI_PADDING ON

GO
/****** Object:  Index [IX_RoleId]    Script Date: 12/7/2016 1:45:04 PM ******/
CREATE NONCLUSTERED INDEX [IX_RoleId] ON [dbo].[AspNetUserRoles]
(
	[RoleId] ASC
)WITH (PAD_INDEX = OFF, STATISTICS_NORECOMPUTE = OFF, SORT_IN_TEMPDB = OFF, DROP_EXISTING = OFF, ONLINE = OFF, ALLOW_ROW_LOCKS = ON, ALLOW_PAGE_LOCKS = ON) ON [PRIMARY]
GO
SET ANSI_PADDING ON

GO
/****** Object:  Index [IX_UserId]    Script Date: 12/7/2016 1:45:04 PM ******/
CREATE NONCLUSTERED INDEX [IX_UserId] ON [dbo].[AspNetUserRoles]
(
	[UserId] ASC
)WITH (PAD_INDEX = OFF, STATISTICS_NORECOMPUTE = OFF, SORT_IN_TEMPDB = OFF, DROP_EXISTING = OFF, ONLINE = OFF, ALLOW_ROW_LOCKS = ON, ALLOW_PAGE_LOCKS = ON) ON [PRIMARY]
GO
SET ANSI_PADDING ON

GO
/****** Object:  Index [UserNameIndex]    Script Date: 12/7/2016 1:45:04 PM ******/
CREATE UNIQUE NONCLUSTERED INDEX [UserNameIndex] ON [dbo].[AspNetUsers]
(
	[UserName] ASC
)WITH (PAD_INDEX = OFF, STATISTICS_NORECOMPUTE = OFF, SORT_IN_TEMPDB = OFF, IGNORE_DUP_KEY = OFF, DROP_EXISTING = OFF, ONLINE = OFF, ALLOW_ROW_LOCKS = ON, ALLOW_PAGE_LOCKS = ON) ON [PRIMARY]
GO
ALTER TABLE [dbo].[AspNetUserClaims]  WITH CHECK ADD  CONSTRAINT [FK_dbo.AspNetUserClaims_dbo.AspNetUsers_UserId] FOREIGN KEY([UserId])
REFERENCES [dbo].[AspNetUsers] ([Id])
ON DELETE CASCADE
GO
ALTER TABLE [dbo].[AspNetUserClaims] CHECK CONSTRAINT [FK_dbo.AspNetUserClaims_dbo.AspNetUsers_UserId]
GO
ALTER TABLE [dbo].[AspNetUserLogins]  WITH CHECK ADD  CONSTRAINT [FK_dbo.AspNetUserLogins_dbo.AspNetUsers_UserId] FOREIGN KEY([UserId])
REFERENCES [dbo].[AspNetUsers] ([Id])
ON DELETE CASCADE
GO
ALTER TABLE [dbo].[AspNetUserLogins] CHECK CONSTRAINT [FK_dbo.AspNetUserLogins_dbo.AspNetUsers_UserId]
GO
ALTER TABLE [dbo].[AspNetUserRoles]  WITH CHECK ADD  CONSTRAINT [FK_dbo.AspNetUserRoles_dbo.AspNetRoles_RoleId] FOREIGN KEY([RoleId])
REFERENCES [dbo].[AspNetRoles] ([Id])
ON DELETE CASCADE
GO
ALTER TABLE [dbo].[AspNetUserRoles] CHECK CONSTRAINT [FK_dbo.AspNetUserRoles_dbo.AspNetRoles_RoleId]
GO
ALTER TABLE [dbo].[AspNetUserRoles]  WITH CHECK ADD  CONSTRAINT [FK_dbo.AspNetUserRoles_dbo.AspNetUsers_UserId] FOREIGN KEY([UserId])
REFERENCES [dbo].[AspNetUsers] ([Id])
ON DELETE CASCADE
GO
ALTER TABLE [dbo].[AspNetUserRoles] CHECK CONSTRAINT [FK_dbo.AspNetUserRoles_dbo.AspNetUsers_UserId]
GO
ALTER TABLE [dbo].[BlogsTags]  WITH CHECK ADD  CONSTRAINT [FK_BlogsTags_Blogs] FOREIGN KEY([BlogId])
REFERENCES [dbo].[BlogPosts] ([BlogId])
GO
ALTER TABLE [dbo].[BlogsTags] CHECK CONSTRAINT [FK_BlogsTags_Blogs]
GO
ALTER TABLE [dbo].[BlogsTags]  WITH CHECK ADD  CONSTRAINT [FK_BlogsTags_Tags] FOREIGN KEY([TagId])
REFERENCES [dbo].[Tags] ([TagId])
GO
ALTER TABLE [dbo].[BlogsTags] CHECK CONSTRAINT [FK_BlogsTags_Tags]
GO
USE [master]
GO
ALTER DATABASE [BowlingBlog] SET  READ_WRITE 
GO
